[
  {
    "title": "Car Rent Service In Your City",
    "desc": "We offer rental deals at large airports like Norman Y. Mineta San Jose International Airport",
    "image": "slider-01.jpg"
  },
  {
    "title": "Quality Cars with Unlimited Miles",
    "desc": "We also have convertible, luxury and premium options if you want a more upscale rental",
    "image": "slider-02.jpg"
  },
  {
    "title": "24/7 Customer Support Guarantee",
    "desc": "Our customer service team is on hand 24/7 to help before, during and even after your rental.",
    "image": "slider-03.jpg"
  }
]